# CIE standard illuminant D65 relative spectral power, 400-700 nm (from the 'jerlov' package v0.1.2, cie_d65.csv; CIE S 014-2).
wavelength_nm,relative_power
400,82.7549
410,91.486
420,93.4318
430,86.6823
440,104.865
450,117.008
460,117.812
470,114.861
480,115.923
490,108.811
500,109.354
510,107.802
520,104.79
530,107.689
540,104.405
550,104.046
560,100.0
570,96.3342
580,95.788
590,88.6856
600,90.0062
610,89.5991
620,87.6987
630,83.2886
640,83.6992
650,80.0268
660,80.2146
670,82.2778
680,78.2842
690,69.7213
700,71.6091
