# Absorption a and scattering b (1/m) for Jerlov water types, 400-700 nm.
# Source: Williamson & Hollins (2022), 'Measured IOPs of Jerlov water types', Appl. Opt. 61, 9951-9961, doi:10.1364/AO.470464,
# as tabulated (1 nm) in the 'jerlov' package v0.1.2 (Apache-2.0), https://zenodo.org/records/22492765, file williamson2022_iop.csv.
# Resampled here to 10 nm. Measured points span 412-715 nm; 400-411 nm are the source's model values.
water_type,wavelength_nm,a_per_m,b_per_m
IB,400,0.04480,0.14400
IB,410,0.04360,0.14200
IB,420,0.04300,0.14000
IB,430,0.04260,0.13800
IB,440,0.04230,0.13600
IB,450,0.04070,0.13500
IB,460,0.03900,0.13300
IB,470,0.03760,0.13200
IB,480,0.03700,0.13000
IB,490,0.03730,0.12900
IB,500,0.03980,0.12800
IB,510,0.04590,0.12700
IB,520,0.05150,0.12500
IB,530,0.05190,0.12400
IB,540,0.05720,0.12300
IB,550,0.06550,0.12200
IB,560,0.07300,0.12100
IB,570,0.08110,0.12000
IB,580,0.10000,0.12000
IB,590,0.14000,0.11900
IB,600,0.22700,0.11800
IB,610,0.27300,0.11700
IB,620,0.28500,0.11600
IB,630,0.29900,0.11600
IB,640,0.31400,0.11500
IB,650,0.33500,0.11400
IB,660,0.38300,0.11300
IB,670,0.41700,0.11300
IB,680,0.43600,0.11200
IB,690,0.47800,0.11100
IB,700,0.57300,0.11100
II,400,0.07450,0.20900
II,410,0.07170,0.20600
II,420,0.06970,0.20300
II,430,0.06780,0.20000
II,440,0.06600,0.19800
II,450,0.06230,0.19500
II,460,0.05880,0.19300
II,470,0.05570,0.19100
II,480,0.05340,0.18900
II,490,0.05220,0.18700
II,500,0.05290,0.18500
II,510,0.05720,0.18300
II,520,0.06150,0.18100
II,530,0.06070,0.18000
II,540,0.06500,0.17800
II,550,0.07240,0.17700
II,560,0.07920,0.17500
II,570,0.08670,0.17400
II,580,0.10500,0.17200
II,590,0.14500,0.17100
II,600,0.23100,0.17000
II,610,0.27700,0.16800
II,620,0.28800,0.16700
II,630,0.30300,0.16600
II,640,0.31800,0.16500
II,650,0.33800,0.16400
II,660,0.38600,0.16300
II,670,0.42200,0.16200
II,680,0.44000,0.16100
II,690,0.48100,0.16000
II,700,0.57500,0.15900
III,400,0.13000,0.32400
III,410,0.12800,0.32100
III,420,0.12700,0.31800
III,430,0.12500,0.31500
III,440,0.12100,0.31200
III,450,0.11200,0.30900
III,460,0.10400,0.30700
III,470,0.09780,0.30400
III,480,0.09110,0.30200
III,490,0.08670,0.29900
III,500,0.08350,0.29700
III,510,0.08350,0.29500
III,520,0.08410,0.29300
III,530,0.08060,0.29100
III,540,0.08250,0.28900
III,550,0.08780,0.28700
III,560,0.09220,0.28500
III,570,0.09830,0.28300
III,580,0.11600,0.28100
III,590,0.15600,0.28000
III,600,0.24100,0.27800
III,610,0.28700,0.27700
III,620,0.30000,0.27500
III,630,0.31400,0.27400
III,640,0.33000,0.27200
III,650,0.35100,0.27100
III,660,0.40200,0.26900
III,670,0.44500,0.26800
III,680,0.46200,0.26700
III,690,0.49200,0.26500
III,700,0.58100,0.26400
1C,400,0.18600,0.47400
1C,410,0.18100,0.47000
1C,420,0.17600,0.46600
1C,430,0.17000,0.46200
1C,440,0.16300,0.45900
1C,450,0.14800,0.45500
1C,460,0.13700,0.45200
1C,470,0.12700,0.44900
1C,480,0.11600,0.44600
1C,490,0.11000,0.44300
1C,500,0.10400,0.44000
1C,510,0.10100,0.43700
1C,520,0.10000,0.43500
1C,530,0.09480,0.43200
1C,540,0.09520,0.42900
1C,550,0.09880,0.42700
1C,560,0.10100,0.42500
1C,570,0.10600,0.42200
1C,580,0.12400,0.42000
1C,590,0.16300,0.41800
1C,600,0.24800,0.41600
1C,610,0.29400,0.41300
1C,620,0.30700,0.41100
1C,630,0.32200,0.40900
1C,640,0.33800,0.40700
1C,650,0.35900,0.40500
1C,660,0.41300,0.40400
1C,670,0.46100,0.40200
1C,680,0.47700,0.40000
1C,690,0.50100,0.39800
1C,700,0.58500,0.39600
3C,400,0.23600,0.71300
3C,410,0.23500,0.70700
3C,420,0.23300,0.70200
3C,430,0.22800,0.69600
3C,440,0.22000,0.69100
3C,450,0.20000,0.68600
3C,460,0.18600,0.68100
3C,470,0.17400,0.67700
3C,480,0.16000,0.67200
3C,490,0.15200,0.66800
3C,500,0.14400,0.66400
3C,510,0.13900,0.66000
3C,520,0.13600,0.65600
3C,530,0.12800,0.65200
3C,540,0.12700,0.64800
3C,550,0.12800,0.64400
3C,560,0.12700,0.64100
3C,570,0.13000,0.63700
3C,580,0.14600,0.63400
3C,590,0.18500,0.63100
3C,600,0.26800,0.62700
3C,610,0.31400,0.62400
3C,620,0.32800,0.62100
3C,630,0.34300,0.61800
3C,640,0.35800,0.61500
3C,650,0.37900,0.61200
3C,660,0.43700,0.60900
3C,670,0.49300,0.60700
3C,680,0.50800,0.60400
3C,690,0.52100,0.60100
3C,700,0.59800,0.59900
5C,400,0.46900,1.32000
5C,410,0.44100,1.31000
5C,420,0.41400,1.30000
5C,430,0.38800,1.29000
5C,440,0.35900,1.28000
5C,450,0.31300,1.27000
5C,460,0.28300,1.26000
5C,470,0.25800,1.25000
5C,480,0.23000,1.24000
5C,490,0.21300,1.24000
5C,500,0.19900,1.23000
5C,510,0.18800,1.22000
5C,520,0.18000,1.21000
5C,530,0.16900,1.21000
5C,540,0.16300,1.20000
5C,550,0.15900,1.19000
5C,560,0.15200,1.19000
5C,570,0.15100,1.18000
5C,580,0.16600,1.17000
5C,590,0.20300,1.17000
5C,600,0.28500,1.16000
5C,610,0.33300,1.16000
5C,620,0.34900,1.15000
5C,630,0.36500,1.15000
5C,640,0.38200,1.14000
5C,650,0.40200,1.13000
5C,660,0.47000,1.13000
5C,670,0.54500,1.12000
5C,680,0.55800,1.12000
5C,690,0.55200,1.11000
5C,700,0.61400,1.11000
